{
  "citizens.changed-implementation" : "היישום של Citizens לא נמצא, משבית תוסף ",
  "citizens.commands.citizens.save.help" : "תשתמש ב דגל -a כדי לשמור באופן אסינכרוני (מחוץ לפתיל השרת הראשי)",
  "citizens.commands.console-error" : "נא דווח על שגיאה זאת: (ראה מסוף)",
  "citizens.commands.errors.missing-world" : "עולם לא נמצא",
  "citizens.commands.errors.unknown-registry" : "רישום NPC לא ידוע [[{0}]].",
  "citizens.commands.help.command-missing" : "פקודה /{0} לא נמצאה.",
  "citizens.commands.help.header" : "עזרה",
  "citizens.commands.id-not-found" : "לא נמצא NPC עם מזהה [[{0}]]",
  "citizens.commands.invalid.class" : "מחלקת פקודות חיצוניות לא חוקית.",
  "citizens.commands.invalid-mobtype" : "[[{0}]] הוא לא מזהה מפלצת חוקי.",
  "citizens.commands.invalid-number" : "זה לא מספר חוקי.",
  "citizens.commands.npc.activationrange.set" : "טווח הפעלה הוגדר ל-[[{0}]].",
  "citizens.commands.npc.age.cannot-be-aged" : "הגיל של סוג המפלצת {0} לא יכול להשתנות. ",
  "citizens.commands.npc.age.help" : "אפשרי לשימוש רק על סוגי מפלצות שיש להן צורת תינוק. השתמש בדגל  [[-l]] כדי לנעול את תהליך ההזדקנות לאורך זמן (נ.ב.: התחברות מחדש עלולה להיות מחויבת כדי לראות שינוי).",
  "citizens.commands.npc.age.invalid-age" : "גיל לא חוקי. גילאיים חוקיים הינם adult, baby ומספרים בין -24000 ו- 0",
  "citizens.commands.npc.age.locked" : "גיל הוקפא.",
  "citizens.commands.npc.age.set" : "[[{0}]] הוא עכשיו [[{1}]].",
  "citizens.commands.npc.age.set-adult" : "[[{0}]] עכשיו מבוגר.",
  "citizens.commands.npc.age.set-baby" : "[[{0}]] עכשיו תינוק.",
  "citizens.commands.npc.age.set-normal" : "[[{0}]] עכשיו בן [[{1}]]",
  "citizens.commands.npc.age.unlocked" : "גיל הופשר",
  "citizens.commands.npc.ai.started" : "עכשיו משתמש באינטיליגנציה המלאכותית של מיינקרפט.",
  "citizens.commands.npc.ai.stopped" : "כבר לא משתמש באינטיליגנציה המלאכותית של מיינקרפט",
  "citizens.commands.npc.allay.dancing-set" : "[[{0}]] עכשיו רוקד.",
  "citizens.commands.npc.allay.dancing-unset" : "[[{0}]] כבר לא רוקד.",
  "citizens.commands.npc.anchor.added" : "עוגן התווסף.",
  "citizens.commands.npc.anchor.already-exists" : "העוגן [[{0}]] כבר קיים.",
  "citizens.commands.npc.anchor.invalid-name" : "שם עוגן לא חוקי.",
  "citizens.commands.npc.anchor.missing" : "העוגן [[{1}]] לא קיים.",
  "citizens.commands.npc.anchor.removed" : "עוגן הוסר.",
  "citizens.commands.npc.axolotl.invalid-variant" : "גרסה לא תקפה. גרסאות תקפות הן [[{0}]].",
  "citizens.commands.npc.axolotl.playing-dead" : "[[{0}]] עכשיו נראה מת.",
  "citizens.commands.npc.axolotl.playing-dead-stopped" : "[[{0}]] כבר לא משחק מת.",
  "citizens.commands.npc.axolotl.variant-set" : "גרסה הוגדרה ל[[{0}]].",
  "citizens.commands.npc.bee.anger-set" : "כעס הוגדר ל[[{0}]].",
  "citizens.commands.npc.bee.bee-stung" : "[[{0}]] עכשיו עקץ.",
  "citizens.commands.npc.bee.has-nectar" : "ל[[{0}]] יש עכשיו צוף. ",
  "citizens.commands.npc.bee.invalid-anger" : "כעס צריך להיות מעל אפס.",
  "citizens.commands.npc.bee.no-nectar" : "ל[[{0}]] עכשיו אין צוף.",
  "citizens.commands.npc.bee.not-stung" : "[[{0}]] כבר לא עקץ.",
  "citizens.commands.npc.camel.pose-set" : "פוזה הוגדרה ל[[{0}]].",
  "citizens.commands.npc.cat.collar-color-set" : "צבע קולר הוגדר כ[[{0}]]",
  "citizens.commands.npc.cat.invalid-collar-color" : "צבע קולר לא חוקי צוין. צבעיים חוקיים הם [[{0}]].",
  "citizens.commands.npc.cat.invalid-type" : "צוין סוג לא חוקי. סוגים חוקיים הם [[{0}]].",
  "citizens.commands.npc.cat.lying-start" : "[[{0}]] התחיל לשכב.",
  "citizens.commands.npc.cat.lying-stop" : "[[{0}]] הפסיק לשכב.",
  "citizens.commands.npc.cat.sitting-start" : "[[{0}]] התחיל לשבת.",
  "citizens.commands.npc.cat.sitting-stop" : "[[{0}]] הפסיק לשבת.",
  "citizens.commands.npc.cat.type-set" : "סוג הוגדר כ[[{0}]]",
  "citizens.commands.npc.chunkload.set" : "[[{0}]] עכשיו יכריח גושים מהעולם להיטען",
  "citizens.commands.npc.chunkload.unset" : "[[{0}]] כבר לא מכריח גושים מהעולם להיטען.",
  "citizens.commands.npc.collidable.set" : "[[{0}]] עכשיו ייתקע בחיות.",
  "citizens.commands.npc.collidable.unset" : "[[{0}]] כבר לא ייתקע בחיות.",
  "citizens.commands.npc.command.command-added" : "הפקודה [[{0}]] נוספה עם מזהה [[{1}]].",
  "citizens.commands.npc.command.command-removed" : "הפקודה [[{0}]] הוסרה.",
  "citizens.commands.npc.command.cost-missing" : "מחיר להגדרה לא נמצא.",
  "citizens.commands.npc.command.cost-set" : "מחיר לקליק הוגדר כ[[{0}]].",
  "citizens.commands.npc.command.errors-cleared" : "שגיאות נוקו בשביל [[{0}]].",
  "citizens.commands.npc.command.experience-cost-set" : "מחיר שלב xp לקליק הוגדר כ[[{0}]].",
  "citizens.commands.npc.command.help" : "<br>Use the [[-l]] flag to make the command run on left click, [[-r]] on right click (default).<br>Set the per-player cooldown before the command can be used again using [[--cooldown]] (in [[seconds]]).<br>Set the server-wide cooldown in seconds using [[--gcooldown]].<br>[[--delay]] will wait the specified amount in [[ticks]] before executing the command.<br>[[--permissions]] will set the command to require specific permissions (separate multiple with commas).<br>[[--n]] will only let the player run the command that number of times.<br>Use [[-o]] to temporarily execute the command as an op and [[-p]] to run the command as the clicking player instead of the server.<br>To give the player temporary permissions instead of op, use [[/npc command permissions]].<br>Set the cost of each click with [[/npc command cost/expcost/itemcost]].<br>Commands can be executed one by one instead of all at once by using [[/npc command sequential]].",
  "citizens.commands.npc.command.hide-error-messages-set" : "עכשיו מסתיר הודעות של שגיאות.",
  "citizens.commands.npc.command.hide-error-messages-unset" : "כבר לא מסתיר הודעות של שגיאות.",
  "citizens.commands.npc.command.individual-cost-set" : "מחיר לקליק הוגדר כ[[{0}]] למזהה פקודה [[{1}]].",
  "citizens.commands.npc.command.individual-experience-cost-set" : "מחיר שלב xp לקליק הוגדר כ [[{0}]] למזהה פקודה [[{1}]].",
  "citizens.commands.npc.command.invalid-error-message" : "הודעת שגיאה לא חוקית. הודעות חוקיות הן [[{0}]].",
  "citizens.commands.npc.command.left-hand-header" : "פקודות להריץ ב[[left click]]:",
  "citizens.commands.npc.command.none-added" : "אף פקודה לא נוספה.",
  "citizens.commands.npc.command.persist-sequence-set" : "שרשראות פקודות עכשיו יישמרו בין  הפעלות מחדש של השרת.",
  "citizens.commands.npc.command.persist-sequence-unset" : "שרשראות פקודות כבר לא יישמאו בין הפעלות מחדש של השרת.",
  "citizens.commands.npc.command.right-hand-header" : "פקודות להריץ ב[[right click]]:",
  "citizens.commands.npc.commands.random-set" : "פקודות עכשיו ירוצו באופן אקראי.",
  "citizens.commands.npc.commands.random-unset" : "פקודות כבר לא ירוצו באופן אקראי.",
  "citizens.commands.npc.commands.sequential-set" : "פקודות עכשיו ירוצו ברצף.",
  "citizens.commands.npc.commands.sequential-unset" : "פקודות כבר לא ירוצו ברצף.",
  "citizens.commands.npc.command.temporary-permissions-set" : "הרשאות זמניות הוגדרו כ[[{0}]].",
  "citizens.commands.npc.command.unknown-id" : "מזהה פקודה [[{0}]] לא נמצא בשביל הNPC הזה.",
  "citizens.commands.npc.controllable.not-controllable" : "[[{0}]] כבר לא נשלט.",
  "citizens.commands.npc.controllable.removed" : "[[{0}]] כבר לא יכול להשלט.",
  "citizens.commands.npc.controllable.set" : "[[{0}]] עכשיו יכול להשלט.",
  "citizens.commands.npc.copy.copied" : "[[{0}]] הועתק ללוח.",
  "citizens.commands.npc.create.invalid-location" : "מיקום לא נמצא או לא היה יכול להיות מנותח. ",
  "citizens.commands.npc.create.invalid-mobtype" : "[[{0}]] הוא לא סוג מפלצת תקף.",
  "citizens.commands.npc.create.mobtype-missing" : "[[{0}]] לא נתמך כסוג מפלצת.",
  "citizens.commands.npc.create.no-player-for-spawn" : "לא נמצא שחקן עם השם הזה בשביל לזמן NPC במיקומו.",
  "citizens.commands.npc.create.npc-name-too-long" : "שמות NPC לא יכולים להיות ארוכים יותר מאשר [[{0}]] תווים. השם חייב להתקצר.",
  "citizens.commands.npc.deselect" : "הוסרה בחירת הNPC.",
  "citizens.commands.npc.despawn.despawned" : "העלמת את [[{0}]].",
  "citizens.commands.npc.endercrystal.not-showing-bottom" : "[[{0}]] כבר לא מראה את הבסיס שלו.",
  "citizens.commands.npc.endercrystal.showing-bottom" : "[[{0}]] עכשיו מראה את הבסיס שלו.",
  "citizens.commands.npc.enderman.angry-set" : "[[{0}]] עכשיו כועס.",
  "citizens.commands.npc.enderman.angry-unset" : "[[{0}]] כבר לא כועס.",
  "citizens.commands.npc.flyable.set" : "[[{0}]] עכשיו מסוגל לעוף.",
  "citizens.commands.npc.flyable.unset" : "[[{0}]] כבר לא יכול לעוף.",
  "citizens.commands.npc.follow.margin-set" : "[[{0}]] עכשיו יעקוב [[{1}]] בלוקים מהמטרה.",
  "citizens.commands.npc.follow.set" : "[[{0}]] עכשיו עוקב אחרי [[{1}]].",
  "citizens.commands.npc.follow.unset" : "[[{0}]] כבר לא עוקב אחר אף אחד.",
  "citizens.commands.npc.fox.crouching-set" : "[[{0}]] עכשיו כורע.",
  "citizens.commands.npc.fox.crouching-unset" : "[[{0}]] כבר לא כורע.",
  "citizens.commands.npc.fox.fox-type-set" : "סוג שועל הוגדר כ[[{0}]].",
  "citizens.commands.npc.fox.invalid-fox-type" : "סוג שועל לא חוקי הוגדר. סוגים חוקיים הינם [[{0}]].",
  "citizens.commands.npc.fox.sitting-set" : "[[{0}]] עכשיו יושב.",
  "citizens.commands.npc.fox.sitting-unset" : "[[{0}]] כבר לא יושב.",
  "citizens.commands.npc.fox.sleeping-set" : "[[{0}]] עכשיו ישן.",
  "citizens.commands.npc.fox.sleeping-unset" : "[[{0}]] כבר לא ישן.",
  "citizens.commands.npc.frog.invalid-variant" : "סוג צפרדע לא חוקי הוגדר. סוגים חוקיים הינם [[{0}]].",
  "citizens.commands.npc.frog.variant-set" : "סור הוגדר כ[[{0}]].",
  "citizens.commands.npc.gamemode.describe" : "{סוג המשחק של {0} הוא {1}"
}