{
  "citizens.changed-implementation" : "A implementação do Citizens foi alterada, desativando o plugin.",
  "citizens.commands.citizens.description" : "Mostrar informações básicas do plugin",
  "citizens.commands.citizens.reload.description" : "Carregue Citizens do disco, sem salvar primeiro",
  "citizens.commands.citizens.save.description" : "Salvar NPCs",
  "citizens.commands.citizens.save.help" : "Use the -a flag to save async (off the main server thread).",
  "citizens.commands.console-error" : "Por favor, relate este erro: [Ver console]",
  "citizens.commands.errors.missing-world" : "Mundo não encontrado.",
  "citizens.commands.errors.unknown-registry" : "Registro NPC desconhecido [[{0}]].",
  "citizens.commands.help.command-missing" : "Comando /{0} não encontrado.",
  "citizens.commands.help.header" : "Ajuda",
  "citizens.commands.id-not-found" : "Não foi possivel encontrar nenhum NPC com o ID [[{0}]].",
  "citizens.commands.invalid.class" : "Classe de comandos externos inválida.",
  "citizens.commands.invalid-mobtype" : "[[{0}]] não é um mob válido.",
  "citizens.commands.invalid-number" : "Isso não é um número válido.",
  "citizens.commands.npc.activationrange.description" : "Define o intervalo de ativação",
  "citizens.commands.npc.activationrange.set" : "Intervalo de ativação definido como [[{0}]].",
  "citizens.commands.npc.age.cannot-be-aged" : "O tipo de mob {0} não pode ser envelhecido.",
  "citizens.commands.npc.age.description" : "Defina a idade de um NPC",
  "citizens.commands.npc.age.help" : "Só pode ser usado em entidades que podem se tornar bebês. Use o sinalizador [[-l]] para bloquear a idade ao longo do tempo (nota: relogs podem ser necessários para ver isso).",
  "citizens.commands.npc.age.invalid-age" : "Idade inválida. As idades válidas são adulto, bebê, número entre -24000 e 0",
  "citizens.commands.npc.age.locked" : "Idade bloqueada.",
  "citizens.commands.npc.age.set" : "[[{0}]] agora é [[{1}]].",
  "citizens.commands.npc.age.set-adult" : "[[{0}]] agora é adulto.",
  "citizens.commands.npc.age.set-baby" : "[[{0}]] agora é bébé.",
  "citizens.commands.npc.age.set-normal" : "[[{0}]] agora tem [[{1}]].",
  "citizens.commands.npc.age.unlocked" : "Idade desbloqueada.",
  "citizens.commands.npc.aggressive.description" : "Define o status agressivo da entidade",
  "citizens.commands.npc.ai.description" : "Define se o NPC deve usar IA vanilla",
  "citizens.commands.npc.ai.started" : "A usar Minecraft IA",
  "citizens.commands.npc.ai.stopped" : "Já não estás a usar Minecraft IA",
  "citizens.commands.npc.allay.dancing-set" : "[[{0}]] está a dançar",
  "citizens.commands.npc.allay.dancing-unset" : "[[{0}]] já não está a dançar.",
  "citizens.commands.npc.allay.description" : "Define modificadores do allay",
  "citizens.commands.npc.anchor.added" : "âncora adicionada.",
  "citizens.commands.npc.anchor.already-exists" : "A âncora [[{0}]] já existe.",
  "citizens.commands.npc.anchor.description" : "Gerencia a(s) âncora(s) de localização do NPC",
  "citizens.commands.npc.anchor.invalid-name" : "Nome de âncora inválido.",
  "citizens.commands.npc.anchor.missing" : "A âncora [[{1}]] não existe.",
  "citizens.commands.npc.anchor.removed" : "Âncora removida.",
  "citizens.commands.npc.armadillo.state-set" : "Estado definido como [[{0}]]"
}